Age_band_of_driver,Sex_of_driver,Educational_level,Vehicle_driver_relation,Driving_experience,Type_of_vehicle,Area_accident_occured,Lanes_or_Medians,Types_of_Junction,Road_surface_type,Light_conditions,Weather_conditions,Type_of_collision,Number_of_vehicles_involved,Vehicle_movement,Pedestrian_movement,Cause_of_accident,Accident_severity
under 18,male,junior high school,employee,1-2yr,lorry,other,other,no junction,asphalt roads,daylight,normal,other,3,going straight,not a pedestrian,changing lane to the right,Serious Injury
under 18,male,junior high school,employee,5-10yr,other,other,undivided two way,no junction,asphalt roads,daylight,normal,vehicle with vehicle collision,3,going straight,not a pedestrian,driving carelessly,Serious Injury
under 18,male,junior high school,employee,above 10yr,other,other,one way,no junction,asphalt roads,daylight,normal,collision with roadside objects,3,moving backward,not a pedestrian,overtaking,Serious Injury
31-50,male,junior high school,employee,above 10yr,lorry,hospital areas,undivided two way,no junction,asphalt roads,daylight,normal,vehicle with vehicle collision,3,going straight,not a pedestrian,changing lane to the right,Serious Injury
18-30,male,elementary school,employee,2-5yr,other,residential areas,one way,y shape,asphalt roads,daylight,normal,vehicle with vehicle collision,3,going straight,not a pedestrian,other,Slight Injury
18-30,male,junior high school,employee,2-5yr,car,residential areas,undivided two way,y shape,asphalt roads,daylight,normal,vehicle with vehicle collision,3,going straight,not a pedestrian,changing lane to the right,Slight Injury
31-50,male,elementary school,employee,5-10yr,lorry,office areas,double carriageway (median),crossing,asphalt roads,daylight,normal,collision with roadside objects,4,going straight,not a pedestrian,driving to the left,Slight Injury
31-50,male,junior high school,employee,above 10yr,other,residential areas,two-way (divided with broken lines road marking),crossing,asphalt roads,daylight,normal,vehicle with vehicle collision,4,reversing,not a pedestrian,overtaking,Slight Injury
18-30,male,junior high school,employee,2-5yr,other,office areas,double carriageway (median),y shape,asphalt roads,daylight,normal,collision with roadside objects,2,going straight,not a pedestrian,moving backward,Slight Injury
18-30,male,junior high school,employee,5-10yr,lorry,other,double carriageway (median),y shape,asphalt roads,daylight,normal,vehicle with vehicle collision,2,going straight,not a pedestrian,other,Slight Injury
under 18,male,above high school,employee,2-5yr,other,office areas,two-way (divided with broken lines road marking),no junction,asphalt roads,daylight,normal,vehicle with vehicle collision,3,going straight,not a pedestrian,no priority to vehicle,Slight Injury
over 51,male,unknown,employee,1-2yr,car,office areas,one way,no junction,asphalt roads,daylight,normal,vehicle with vehicle collision,3,going straight,not a pedestrian,changing lane to the right,Slight Injury
31-50,male,junior high school,employee,2-5yr,lorry,other,undivided two way,t shape,asphalt roads,darkness - lights lit,normal,vehicle with vehicle collision,2,other,not a pedestrian,changing lane to the right,Slight Injury
31-50,male,junior high school,employee,above 10yr,lorry,residential areas,unknown,t shape,asphalt roads,darkness - lights lit,normal,vehicle with vehicle collision,2,moving backward,not a pedestrian,changing lane to the right,Slight Injury
31-50,male,junior high school,employee,below 1yr,other,residential areas,two-way (divided with broken lines road marking),t shape,asphalt roads,darkness - lights lit,normal,vehicle with vehicle collision,2,other,not a pedestrian,driving to the left,Slight Injury
31-50,male,junior high school,employee,2-5yr,car,church areas,two-way (divided with broken lines road marking),t shape,asphalt roads,darkness - lights lit,normal,vehicle with vehicle collision,2,going straight,not a pedestrian,changing lane to the left,Slight Injury
31-50,male,junior high school,employee,below 1yr,car,other,two-way (divided with broken lines road marking),t shape,asphalt roads,darkness - lights lit,normal,vehicle with vehicle collision,2,going straight,not a pedestrian,moving backward,Slight Injury
18-30,male,high school,employee,5-10yr,lorry,residential areas,two-way (divided with broken lines road marking),no junction,asphalt roads,darkness - lights lit,normal,collision with pedestrians,1,going straight,not a pedestrian,driving at high speed,Slight Injury
over 51,male,junior high school,employee,below 1yr,other,residential areas,undivided two way,no junction,asphalt roads,darkness - lights lit,normal,collision with roadside objects,2,going straight,not a pedestrian,no distancing,Serious Injury
18-30,male,high school,employee,below 1yr,other,other,two-way (divided with broken lines road marking),y shape,asphalt roads,daylight,normal,vehicle with vehicle collision,2,going straight,crossing from nearside - masked by parked or stationot a pedestrianry vehicle,no priority to vehicle,Slight Injury
31-50,male,high school,employee,below 1yr,car,other,two-way (divided with broken lines road marking),y shape,asphalt roads,daylight,normal,vehicle with vehicle collision,2,going straight,not a pedestrian,changing lane to the right,Slight Injury
18-30,male,junior high school,employee,above 10yr,car,residential areas,two-way (divided with broken lines road marking),no junction,asphalt roads,daylight,normal,vehicle with vehicle collision,2,moving backward,not a pedestrian,driving carelessly,Slight Injury
31-50,male,junior high school,employee,above 10yr,bus,recreational areas,undivided two way,no junction,asphalt roads,daylight,normal,vehicle with vehicle collision,3,moving backward,not a pedestrian,no distancing,Serious Injury
18-30,male,junior high school,employee,5-10yr,car,other,other,no junction,asphalt roads,daylight,normal,vehicle with vehicle collision,3,going straight,not a pedestrian,moving backward,Serious Injury
31-50,male,junior high school,employee,1-2yr,car,office areas,undivided two way,no junction,asphalt roads,daylight,normal,vehicle with vehicle collision,3,going straight,not a pedestrian,no distancing,Serious Injury
18-30,male,unknown,employee,below 1yr,lorry,other,undivided two way,no junction,asphalt roads,daylight,normal,collision with roadside objects,2,turnover,not a pedestrian,moving backward,Slight Injury
18-30,male,junior high school,employee,below 1yr,other,office areas,undivided two way,no junction,asphalt roads,daylight,normal,vehicle with vehicle collision,2,going straight,not a pedestrian,no priority to pedestrian,Slight Injury
18-30,male,high school,employee,2-5yr,bus,office areas,one way,no junction,asphalt roads,daylight,normal,collision with roadside objects,2,going straight,not a pedestrian,changing lane to the left,Slight Injury
31-50,male,junior high school,employee,5-10yr,other,other,undivided two way,no junction,asphalt roads,daylight,normal,vehicle with vehicle collision,2,going straight,"walking along in carriageway, back to traffic",other,Slight Injury
18-30,male,elementary school,owner,5-10yr,lorry,office areas,two-way (divided with solid lines road marking),no junction,asphalt roads,daylight,normal,collision with pedestrians,4,going straight,not a pedestrian,no priority to pedestrian,Slight Injury
18-30,male,junior high school,employee,above 10yr,lorry,residential areas,other,no junction,asphalt roads,daylight,normal,vehicle with vehicle collision,4,going straight,not a pedestrian,moving backward,Slight Injury
31-50,male,junior high school,employee,5-10yr,lorry,recreational areas,undivided two way,no junction,asphalt roads,daylight,normal,vehicle with vehicle collision,4,going straight,not a pedestrian,no priority to pedestrian,Slight Injury
18-30,male,junior high school,employee,above 10yr,car,other,other,no junction,asphalt roads,daylight,normal,collision with roadside objects,2,getting off,not a pedestrian,driving carelessly,Slight Injury
31-50,male,junior high school,employee,2-5yr,mootorbike,other,one way,y shape,asphalt roads,daylight,normal,vehicle with vehicle collision,1,going straight,not a pedestrian,driving carelessly,Slight Injury
31-50,male,junior high school,employee,5-10yr,other,office areas,two-way (divided with broken lines road marking),no junction,asphalt roads,daylight,normal,vehicle with vehicle collision,2,moving backward,not a pedestrian,changing lane to the right,Slight Injury
31-50,male,junior high school,employee,above 10yr,other,office areas,two-way (divided with broken lines road marking),no junction,asphalt roads,daylight,normal,vehicle with vehicle collision,2,other,not a pedestrian,no distancing,Slight Injury
18-30,male,junior high school,employee,2-5yr,car,office areas,two-way (divided with broken lines road marking),no junction,asphalt roads,daylight,normal,collision with roadside objects,2,going straight,not a pedestrian,no distancing,Slight Injury
over 51,male,junior high school,owner,above 10yr,car,school areas,unknown,other,asphalt roads,daylight,normal,collision with roadside objects,2,going straight,not a pedestrian,changing lane to the left,Serious Injury
over 51,male,junior high school,employee,2-5yr,lorry,school areas,undivided two way,other,asphalt roads,daylight,normal,vehicle with vehicle collision,2,going straight,not a pedestrian,changing lane to the right,Serious Injury
31-50,male,elementary school,employee,5-10yr,lorry,office areas,two-way (divided with broken lines road marking),other,asphalt roads,daylight,normal,vehicle with vehicle collision,2,going straight,not a pedestrian,changing lane to the left,Serious Injury
18-30,male,junior high school,employee,5-10yr,other,other,two-way (divided with broken lines road marking),y shape,asphalt roads,daylight,normal,collision with roadside objects,2,going straight,not a pedestrian,no distancing,Slight Injury
18-30,male,elementary school,employee,1-2yr,car,residential areas,undivided two way,y shape,asphalt roads,daylight,normal,collision with pedestrians,2,going straight,not a pedestrian,no distancing,Slight Injury
under 18,male,junior high school,employee,1-2yr,bus,recreational areas,undivided two way,crossing,asphalt roads,daylight,normal,vehicle with vehicle collision,2,going straight,not a pedestrian,overtaking,Slight Injury
over 51,male,above high school,owner,2-5yr,lorry,office areas,two-way (divided with broken lines road marking),y shape,asphalt roads,daylight,normal,vehicle with vehicle collision,1,going straight,not a pedestrian,changing lane to the left,Serious Injury
18-30,male,elementary school,owner,2-5yr,car,office areas,undivided two way,other,asphalt roads,daylight,normal,collision with roadside objects,2,going straight,not a pedestrian,changing lane to the left,Slight Injury
31-50,male,junior high school,employee,1-2yr,other,office areas,two-way (divided with broken lines road marking),other,asphalt roads,daylight,normal,rollover,2,going straight,not a pedestrian,no distancing,Slight Injury
31-50,male,unknown,owner,5-10yr,car,other,two-way (divided with broken lines road marking),other,asphalt roads,daylight,normal,vehicle with vehicle collision,2,turnover,not a pedestrian,moving backward,Slight Injury
18-30,male,junior high school,employee,2-5yr,mootorbike,office areas,other,no junction,asphalt roads,daylight,normal,vehicle with vehicle collision,2,going straight,not a pedestrian,other,Slight Injury
18-30,male,junior high school,employee,5-10yr,car,residential areas,other,no junction,asphalt roads,daylight,normal,vehicle with vehicle collision,2,going straight,not a pedestrian,no distancing,Slight Injury
31-50,male,junior high school,employee,above 10yr,lorry,residential areas,unknown,no junction,asphalt roads,daylight,normal,collision with pedestrians,2,moving backward,crossing from nearside - masked by parked or stationot a pedestrianry vehicle,moving backward,Fatal injury
31-50,male,elementary school,employee,2-5yr,mootorbike,office areas,undivided two way,no junction,asphalt roads,daylight,normal,collision with pedestrians,2,going straight,not a pedestrian,no distancing,Fatal injury
under 18,male,junior high school,employee,1-2yr,lorry,office areas,other,no junction,asphalt roads,daylight,raining,vehicle with vehicle collision,1,going straight,not a pedestrian,changing lane to the left,Slight Injury
over 51,male,junior high school,employee,5-10yr,car,industrial areas,other,no junction,asphalt roads,daylight,raining,vehicle with vehicle collision,2,going straight,not a pedestrian,no priority to pedestrian,Slight Injury
over 51,male,junior high school,employee,2-5yr,lorry,residential areas,undivided two way,no junction,asphalt roads,daylight,normal,vehicle with vehicle collision,2,other,not a pedestrian,driving carelessly,Slight Injury
18-30,male,junior high school,employee,2-5yr,car,residential areas,other,no junction,asphalt roads,daylight,normal,collision with roadside objects,2,other,not a pedestrian,driving carelessly,Slight Injury
over 51,male,junior high school,employee,2-5yr,lorry,industrial areas,other,no junction,asphalt roads,daylight,normal,vehicle with vehicle collision,2,going straight,"in carriageway, stationot a pedestrianry - not crossing  (standing or playing)",no priority to pedestrian,Slight Injury
over 51,male,junior high school,employee,above 10yr,lorry,residential areas,other,no junction,asphalt roads,daylight,normal,vehicle with vehicle collision,2,going straight,not a pedestrian,no distancing,Slight Injury
31-50,male,elementary school,employee,5-10yr,lorry,office areas,undivided two way,no junction,asphalt roads,daylight,normal,vehicle with vehicle collision,2,moving backward,not a pedestrian,no priority to pedestrian,Slight Injury
18-30,male,junior high school,employee,5-10yr,lorry,office areas,one way,no junction,asphalt roads,daylight,normal,vehicle with vehicle collision,2,going straight,not a pedestrian,no priority to pedestrian,Slight Injury
18-30,male,junior high school,employee,above 10yr,lorry,office areas,undivided two way,no junction,asphalt roads,daylight,normal,vehicle with vehicle collision,2,going straight,not a pedestrian,no priority to vehicle,Slight Injury
31-50,male,junior high school,employee,5-10yr,car,office areas,other,no junction,asphalt roads,daylight,raining,vehicle with vehicle collision,2,going straight,not a pedestrian,driving carelessly,Slight Injury
31-50,male,elementary school,employee,below 1yr,car,residential areas,one way,no junction,asphalt roads,daylight,normal,vehicle with vehicle collision,2,going straight,unknown or other,changing lane to the left,Slight Injury
31-50,male,elementary school,employee,1-2yr,lorry,church areas,undivided two way,no junction,asphalt roads,daylight,normal,vehicle with vehicle collision,1,going straight,not a pedestrian,driving carelessly,Serious Injury
18-30,male,elementary school,employee,5-10yr,lorry,recreational areas,other,no junction,asphalt roads,daylight,cloudy,vehicle with vehicle collision,1,going straight,not a pedestrian,driving to the left,Serious Injury
under 18,male,elementary school,employee,5-10yr,lorry,industrial areas,undivided two way,y shape,asphalt roads,darkness - lights lit,normal,collision with roadside objects,3,moving backward,not a pedestrian,driving to the left,Slight Injury
18-30,male,elementary school,employee,2-5yr,three_wheeler,residential areas,other,y shape,asphalt roads,darkness - lights lit,normal,vehicle with vehicle collision,3,moving backward,not a pedestrian,no priority to pedestrian,Slight Injury
18-30,male,elementary school,employee,5-10yr,lorry,residential areas,other,y shape,asphalt roads,darkness - lights lit,normal,vehicle with vehicle collision,3,going straight,not a pedestrian,changing lane to the left,Slight Injury
31-50,unknown,elementary school,employee,below 1yr,car,industrial areas,other,no junction,asphalt roads,daylight,normal,vehicle with vehicle collision,2,going straight,not a pedestrian,getting off the vehicle improperly,Slight Injury
31-50,male,elementary school,employee,5-10yr,lorry,residential areas,two-way (divided with solid lines road marking),no junction,asphalt roads,daylight,normal,vehicle with vehicle collision,2,going straight,not a pedestrian,driving under the influence of drugs,Slight Injury
18-30,male,elementary school,owner,5-10yr,other,residential areas,undivided two way,crossing,asphalt roads,daylight,normal,vehicle with vehicle collision,2,going straight,not a pedestrian,changing lane to the right,Serious Injury
18-30,male,elementary school,employee,2-5yr,car,other,undivided two way,crossing,asphalt roads,daylight,normal,vehicle with vehicle collision,2,going straight,not a pedestrian,driving carelessly,Serious Injury
31-50,male,elementary school,employee,above 10yr,other,residential areas,other,no junction,asphalt roads,daylight,normal,vehicle with vehicle collision,2,going straight,crossing from nearside - masked by parked or stationot a pedestrianry vehicle,moving backward,Slight Injury
31-50,male,elementary school,employee,2-5yr,car,rural village areas,undivided two way,no junction,asphalt roads,daylight,normal,vehicle with vehicle collision,2,getting off,not a pedestrian,turnover,Slight Injury
18-30,male,junior high school,employee,below 1yr,lorry,office areas,double carriageway (median),no junction,asphalt roads,daylight,raining,vehicle with vehicle collision,2,other,crossing from nearside - masked by parked or stationot a pedestrianry vehicle,driving carelessly,Slight Injury
31-50,male,elementary school,owner,1-2yr,car,office areas,two-way (divided with broken lines road marking),no junction,asphalt roads,daylight,normal,vehicle with vehicle collision,2,going straight,not a pedestrian,changing lane to the left,Slight Injury
18-30,male,junior high school,employee,2-5yr,lorry,other,undivided two way,no junction,asphalt roads,daylight,normal,vehicle with vehicle collision,2,going straight,not a pedestrian,no distancing,Slight Injury
31-50,male,junior high school,employee,5-10yr,car,other,two-way (divided with broken lines road marking),y shape,asphalt roads,daylight,normal,vehicle with vehicle collision,2,going straight,not a pedestrian,changing lane to the left,Slight Injury
31-50,male,junior high school,owner,below 1yr,other,other,undivided two way,no junction,asphalt roads,darkness - lights lit,normal,vehicle with vehicle collision,2,moving backward,not a pedestrian,no distancing,Slight Injury
18-30,male,junior high school,employee,2-5yr,lorry,other,two-way (divided with broken lines road marking),y shape,asphalt roads,daylight,normal,vehicle with vehicle collision,2,going straight,not a pedestrian,no distancing,Slight Injury
31-50,male,junior high school,employee,2-5yr,lorry,church areas,two-way (divided with broken lines road marking),y shape,asphalt roads,daylight,normal,vehicle with vehicle collision,2,going straight,not a pedestrian,changing lane to the left,Slight Injury
18-30,male,junior high school,employee,5-10yr,lorry,other,undivided two way,other,asphalt roads,daylight,raining,rollover,2,going straight,not a pedestrian,changing lane to the right,Slight Injury
31-50,male,elementary school,employee,5-10yr,mootorbike,industrial areas,two-way (divided with broken lines road marking),other,asphalt roads with some distress,daylight,raining,vehicle with vehicle collision,2,going straight,not a pedestrian,moving backward,Slight Injury
31-50,male,unknown,owner,5-10yr,car,residential areas,double carriageway (median),other,asphalt roads,daylight,raining,vehicle with vehicle collision,2,going straight,not a pedestrian,changing lane to the right,Slight Injury
18-30,male,junior high school,employee,5-10yr,car,other,two-way (divided with broken lines road marking),no junction,asphalt roads,daylight,normal,collision with roadside objects,3,going straight,not a pedestrian,no distancing,Slight Injury
31-50,male,illiterate,employee,2-5yr,car,industrial areas,unknown,no junction,asphalt roads,daylight,normal,vehicle with vehicle collision,3,other,not a pedestrian,other,Slight Injury
18-30,male,junior high school,employee,5-10yr,other,industrial areas,double carriageway (median),crossing,gravel roads,daylight,normal,vehicle with vehicle collision,2,going straight,not a pedestrian,other,Slight Injury
31-50,male,junior high school,employee,1-2yr,bus,hospital areas,two-way (divided with broken lines road marking),crossing,asphalt roads,daylight,raining,collision with roadside objects,2,overtaking,not a pedestrian,no priority to pedestrian,Slight Injury
31-50,male,elementary school,employee,2-5yr,car,church areas,undivided two way,crossing,asphalt roads,daylight,normal,vehicle with vehicle collision,2,going straight,not a pedestrian,changing lane to the left,Slight Injury
under 18,male,elementary school,employee,5-10yr,bicycle,hospital areas,undivided two way,crossing,asphalt roads,daylight,normal,collision with roadside objects,2,other,not a pedestrian,changing lane to the left,Slight Injury
31-50,male,junior high school,employee,5-10yr,car,office areas,other,no junction,asphalt roads,daylight,normal,collision with roadside objects,1,moving backward,not a pedestrian,overtaking,Slight Injury
over 51,male,junior high school,employee,above 10yr,car,office areas,undivided two way,no junction,asphalt roads,daylight,normal,vehicle with vehicle collision,2,other,not a pedestrian,no priority to vehicle,Slight Injury
31-50,male,junior high school,employee,above 10yr,bus,office areas,two-way (divided with broken lines road marking),y shape,asphalt roads,daylight,normal,vehicle with vehicle collision,2,moving backward,not a pedestrian,changing lane to the right,Slight Injury
31-50,male,junior high school,owner,above 10yr,other,other,double carriageway (median),y shape,asphalt roads,daylight,normal,collision with roadside objects,2,going straight,not a pedestrian,changing lane to the left,Slight Injury
18-30,male,junior high school,employee,unknown,car,office areas,undivided two way,y shape,asphalt roads,daylight,normal,vehicle with vehicle collision,2,going straight,not a pedestrian,no distancing,Serious Injury
31-50,male,junior high school,employee,5-10yr,bus,residential areas,undivided two way,y shape,asphalt roads,daylight,normal,vehicle with vehicle collision,2,moving backward,not a pedestrian,driving carelessly,Serious Injury
18-30,male,junior high school,employee,2-5yr,other,other,two-way (divided with broken lines road marking),y shape,asphalt roads,daylight,normal,vehicle with vehicle collision,2,going straight,crossing from nearside - masked by parked or stationot a pedestrianry vehicle,no priority to pedestrian,Slight Injury
18-30,male,elementary school,employee,5-10yr,lorry,office areas,double carriageway (median),y shape,asphalt roads,daylight,normal,rollover,2,getting off,crossing from driver's nearside,driving carelessly,Slight Injury
18-30,male,junior high school,employee,2-5yr,lorry,church areas,undivided two way,no junction,asphalt roads,daylight,normal,vehicle with vehicle collision,2,going straight,not a pedestrian,no distancing,Slight Injury
18-30,male,elementary school,employee,2-5yr,lorry,industrial areas,undivided two way,no junction,asphalt roads,daylight,normal,vehicle with vehicle collision,2,going straight,not a pedestrian,changing lane to the left,Slight Injury
18-30,male,high school,owner,above 10yr,bus,office areas,double carriageway (median),no junction,asphalt roads,daylight,normal,vehicle with vehicle collision,2,going straight,not a pedestrian,changing lane to the left,Slight Injury
31-50,unknown,junior high school,employee,above 10yr,lorry,office areas,undivided two way,no junction,asphalt roads,daylight,normal,collision with roadside objects,2,going straight,not a pedestrian,changing lane to the right,Slight Injury
18-30,male,above high school,employee,5-10yr,other,office areas,two-way (divided with broken lines road marking),y shape,asphalt roads,daylight,normal,vehicle with vehicle collision,2,going straight,not a pedestrian,overtaking,Slight Injury
18-30,male,junior high school,employee,5-10yr,car,residential areas,undivided two way,y shape,asphalt roads,daylight,normal,vehicle with vehicle collision,2,moving backward,not a pedestrian,changing lane to the left,Slight Injury
31-50,male,junior high school,employee,above 10yr,car,office areas,double carriageway (median),crossing,asphalt roads,darkness - lights lit,normal,collision with roadside objects,2,moving backward,unknown or other,changing lane to the right,Slight Injury
18-30,male,junior high school,employee,2-5yr,lorry,other,two-way (divided with broken lines road marking),crossing,asphalt roads,daylight,normal,collision with roadside objects,1,going straight,not a pedestrian,overloading,Slight Injury
18-30,male,junior high school,employee,below 1yr,car,other,two-way (divided with broken lines road marking),crossing,asphalt roads,daylight,normal,vehicle with vehicle collision,2,going straight,not a pedestrian,other,Serious Injury
18-30,male,junior high school,employee,above 10yr,other,residential areas,two-way (divided with broken lines road marking),crossing,asphalt roads with some distress,daylight,normal,rollover,2,going straight,not a pedestrian,no priority to vehicle,Serious Injury
18-30,male,above high school,employee,5-10yr,lorry,church areas,double carriageway (median),no junction,asphalt roads,darkness - lights lit,normal,vehicle with vehicle collision,2,going straight,not a pedestrian,moving backward,Serious Injury
18-30,male,elementary school,owner,below 1yr,lorry,office areas,two-way (divided with broken lines road marking),y shape,asphalt roads,daylight,normal,vehicle with vehicle collision,2,going straight,not a pedestrian,no priority to pedestrian,Serious Injury
18-30,male,junior high school,employee,above 10yr,car,residential areas,two-way (divided with broken lines road marking),y shape,asphalt roads,daylight,normal,collision with pedestrians,2,going straight,not a pedestrian,no priority to vehicle,Slight Injury
31-50,male,junior high school,employee,1-2yr,other,other,two-way (divided with broken lines road marking),no junction,asphalt roads,daylight,normal,vehicle with vehicle collision,1,going straight,not a pedestrian,no distancing,Slight Injury
31-50,male,junior high school,owner,2-5yr,car,office areas,two-way (divided with broken lines road marking),y shape,asphalt roads,daylight,normal,rollover,2,reversing,not a pedestrian,moving backward,Slight Injury
18-30,male,unknown,employee,unknown,mootorbike,other,two-way (divided with broken lines road marking),y shape,asphalt roads,daylight,normal,vehicle with vehicle collision,2,going straight,not a pedestrian,changing lane to the right,Slight Injury
31-50,male,junior high school,employee,above 10yr,car,other,two-way (divided with broken lines road marking),y shape,asphalt roads,daylight,normal,vehicle with vehicle collision,1,reversing,not a pedestrian,no priority to pedestrian,Slight Injury
18-30,male,junior high school,employee,1-2yr,bus,residential areas,unknown,crossing,asphalt roads,daylight,normal,collision with roadside objects,1,going straight,not a pedestrian,overloading,Slight Injury
31-50,male,junior high school,employee,5-10yr,lorry,office areas,undivided two way,no junction,asphalt roads,daylight,raining,vehicle with vehicle collision,2,reversing,not a pedestrian,changing lane to the right,Slight Injury
31-50,male,junior high school,employee,2-5yr,bus,recreational areas,other,no junction,asphalt roads,daylight,raining,vehicle with vehicle collision,2,other,not a pedestrian,improper parking,Slight Injury
31-50,male,elementary school,employee,5-10yr,other,office areas,other,no junction,asphalt roads,daylight,raining,vehicle with vehicle collision,2,going straight,not a pedestrian,other,Slight Injury
18-30,male,junior high school,employee,2-5yr,car,residential areas,undivided two way,crossing,asphalt roads,daylight,normal,vehicle with vehicle collision,2,moving backward,unknown or other,no priority to pedestrian,Slight Injury
31-50,male,junior high school,employee,2-5yr,lorry,residential areas,other,y shape,asphalt roads,daylight,normal,vehicle with vehicle collision,2,going straight,crossing from nearside - masked by parked or stationot a pedestrianry vehicle,overspeed,Slight Injury
over 51,male,junior high school,employee,5-10yr,car,industrial areas,other,y shape,asphalt roads,daylight,normal,rollover,2,going straight,not a pedestrian,changing lane to the left,Slight Injury
18-30,male,junior high school,employee,1-2yr,bus,residential areas,undivided two way,no junction,asphalt roads,daylight,normal,collision with roadside objects,1,going straight,not a pedestrian,no priority to vehicle,Slight Injury
31-50,male,high school,employee,1-2yr,bus,office areas,one way,y shape,asphalt roads,daylight,raining,vehicle with vehicle collision,2,going straight,not a pedestrian,other,Slight Injury
31-50,male,above high school,employee,1-2yr,bus,office areas,undivided two way,y shape,asphalt roads,daylight,raining,rollover,2,moving backward,not a pedestrian,driving carelessly,Slight Injury
31-50,male,junior high school,employee,above 10yr,other,office areas,other,no junction,asphalt roads,daylight,normal,rollover,2,moving backward,not a pedestrian,changing lane to the left,Serious Injury
18-30,male,high school,employee,1-2yr,lorry,residential areas,other,no junction,asphalt roads,daylight,normal,collision with pedestrians,2,going straight,not a pedestrian,driving carelessly,Serious Injury
18-30,male,junior high school,employee,2-5yr,lorry,residential areas,one way,y shape,asphalt roads,daylight,raining,vehicle with vehicle collision,3,other,not a pedestrian,changing lane to the left,Slight Injury
18-30,male,above high school,other,2-5yr,lorry,other,one way,y shape,asphalt roads,daylight,raining,vehicle with vehicle collision,3,going straight,not a pedestrian,no priority to vehicle,Slight Injury
over 51,male,high school,employee,above 10yr,lorry,church areas,undivided two way,y shape,asphalt roads,daylight,raining,vehicle with vehicle collision,3,going straight,not a pedestrian,no distancing,Slight Injury
18-30,male,elementary school,employee,5-10yr,lorry,recreational areas,other,y shape,asphalt roads,daylight,raining,collision with pedestrians,2,going straight,not a pedestrian,changing lane to the right,Slight Injury
18-30,male,high school,employee,1-2yr,other,industrial areas,undivided two way,y shape,asphalt roads,daylight,raining,collision with pedestrians,2,going straight,not a pedestrian,changing lane to the right,Slight Injury
31-50,male,high school,employee,5-10yr,car,residential areas,other,crossing,asphalt roads,daylight,normal,vehicle with vehicle collision,2,going straight,not a pedestrian,driving at high speed,Slight Injury
18-30,male,high school,employee,2-5yr,other,residential areas,other,crossing,asphalt roads,daylight,normal,vehicle with vehicle collision,2,going straight,not a pedestrian,no distancing,Slight Injury
31-50,male,junior high school,employee,1-2yr,car,office areas,double carriageway (median),no junction,asphalt roads,daylight,normal,vehicle with vehicle collision,1,going straight,not a pedestrian,changing lane to the right,Slight Injury
18-30,male,above high school,employee,above 10yr,other,market areas,undivided two way,no junction,asphalt roads,daylight,normal,collision with roadside objects,2,going straight,not a pedestrian,changing lane to the left,Slight Injury
31-50,male,elementary school,employee,1-2yr,car,residential areas,two-way (divided with solid lines road marking),y shape,asphalt roads,daylight,normal,vehicle with vehicle collision,2,overtaking,not a pedestrian,other,Slight Injury
over 51,male,elementary school,employee,5-10yr,car,residential areas,other,y shape,asphalt roads,daylight,normal,vehicle with vehicle collision,2,going straight,not a pedestrian,overtaking,Slight Injury
18-30,male,junior high school,employee,2-5yr,car,rural village areas,undivided two way,y shape,asphalt roads,darkness - lights lit,normal,vehicle with vehicle collision,2,u-turn,not a pedestrian,no priority to pedestrian,Slight Injury
18-30,male,junior high school,employee,5-10yr,car,rural village areas,undivided two way,y shape,asphalt roads,darkness - lights lit,normal,collision with roadside objects,2,going straight,not a pedestrian,no distancing,Slight Injury
18-30,male,high school,employee,2-5yr,other,office areas,double carriageway (median),y shape,asphalt roads,darkness - lights lit,normal,collision with roadside objects,2,going straight,not a pedestrian,changing lane to the right,Slight Injury
31-50,male,junior high school,employee,1-2yr,other,residential areas,undivided two way,no junction,asphalt roads,daylight,normal,vehicle with vehicle collision,1,going straight,not a pedestrian,driving carelessly,Slight Injury
18-30,male,junior high school,employee,5-10yr,lorry,outside rural areas,other,y shape,asphalt roads,daylight,raining,vehicle with vehicle collision,3,turnover,not a pedestrian,overtaking,Slight Injury
18-30,male,junior high school,employee,5-10yr,car,church areas,other,other,asphalt roads,daylight,normal,vehicle with vehicle collision,2,going straight,not a pedestrian,driving to the left,Serious Injury
31-50,male,junior high school,employee,1-2yr,lorry,office areas,undivided two way,other,asphalt roads,daylight,normal,vehicle with vehicle collision,2,moving backward,not a pedestrian,driving at high speed,Serious Injury
31-50,male,junior high school,employee,2-5yr,bus,office areas,two-way (divided with broken lines road marking),y shape,asphalt roads,daylight,normal,vehicle with vehicle collision,2,going straight,not a pedestrian,unknown,Slight Injury
18-30,male,junior high school,employee,above 10yr,lorry,office areas,two-way (divided with broken lines road marking),y shape,asphalt roads,daylight,normal,vehicle with vehicle collision,2,moving backward,not a pedestrian,changing lane to the right,Slight Injury
18-30,male,junior high school,owner,5-10yr,car,other,undivided two way,no junction,asphalt roads,daylight,normal,vehicle with vehicle collision,2,going straight,not a pedestrian,no distancing,Slight Injury