Age_band_of_driver,Sex_of_driver,Educational_level,Vehicle_driver_relation,Driving_experience,Type_of_vehicle,Area_accident_occured,Lanes_or_Medians,Types_of_Junction,Road_surface_type,Light_conditions,Weather_conditions,Type_of_collision,Number_of_vehicles_involved,Vehicle_movement,Pedestrian_movement,Cause_of_accident,Accident_severity
31-50,male,junior high school,employee,above 10yr,other,other,two-way (divided with broken lines road marking),other,asphalt roads,daylight,normal,vehicle with vehicle collision,2,going straight,not a pedestrian,overtaking,Slight Injury
18-30,male,junior high school,employee,2-5yr,car,other,undivided two way,other,asphalt roads,daylight,normal,vehicle with vehicle collision,2,going straight,not a pedestrian,driving carelessly,Slight Injury
31-50,male,elementary school,employee,5-10yr,car,other,double carriageway (median),other,asphalt roads,darkness - lights lit,normal,vehicle with vehicle collision,2,going straight,unknown or other,no priority to vehicle,Slight Injury
31-50,male,elementary school,employee,1-2yr,car,church areas,two-way (divided with broken lines road marking),no junction,asphalt roads,daylight,normal,vehicle with vehicle collision,2,going straight,not a pedestrian,changing lane to the right,Slight Injury
18-30,male,elementary school,employee,5-10yr,lorry,other,undivided two way,no junction,asphalt roads,daylight,normal,collision with roadside objects,2,going straight,not a pedestrian,driving carelessly,Slight Injury
18-30,male,elementary school,employee,5-10yr,other,industrial areas,two-way (divided with broken lines road marking),crossing,asphalt roads,daylight,normal,vehicle with vehicle collision,2,stopping,not a pedestrian,changing lane to the right,Slight Injury
18-30,male,junior high school,employee,1-2yr,car,residential areas,double carriageway (median),crossing,asphalt roads,daylight,normal,collision with pedestrians,2,turnover,not a pedestrian,changing lane to the right,Slight Injury
over 51,male,junior high school,employee,5-10yr,lorry,other,two-way (divided with broken lines road marking),y shape,asphalt roads,daylight,normal,vehicle with vehicle collision,2,getting off,not a pedestrian,changing lane to the left,Slight Injury
18-30,male,junior high school,employee,5-10yr,other,office areas,two-way (divided with broken lines road marking),y shape,asphalt roads,daylight,normal,collision with roadside objects,2,moving backward,not a pedestrian,overturning,Slight Injury
over 51,male,junior high school,employee,2-5yr,bus,industrial areas,unknown,y shape,asphalt roads,daylight,normal,vehicle with vehicle collision,1,moving backward,not a pedestrian,driving carelessly,Serious Injury
over 51,male,junior high school,employee,1-2yr,other,industrial areas,double carriageway (median),no junction,asphalt roads,daylight,normal,vehicle with vehicle collision,1,going straight,not a pedestrian,no distancing,Slight Injury
over 51,male,junior high school,employee,below 1yr,lorry,hospital areas,two-way (divided with broken lines road marking),no junction,asphalt roads,daylight,normal,vehicle with vehicle collision,1,going straight,unknown or other,changing lane to the left,Slight Injury
18-30,male,junior high school,employee,5-10yr,car,office areas,one way,y shape,asphalt roads,daylight,normal,vehicle with vehicle collision,2,going straight,not a pedestrian,no priority to vehicle,Slight Injury
31-50,male,unknown,owner,5-10yr,car,hospital areas,undivided two way,crossing,asphalt roads,daylight,raining,collision with roadside objects,2,going straight,unknown or other,no distancing,Slight Injury
18-30,male,junior high school,employee,5-10yr,lorry,office areas,other,crossing,asphalt roads,daylight,raining,vehicle with vehicle collision,2,going straight,not a pedestrian,moving backward,Slight Injury
over 51,male,high school,employee,2-5yr,lorry,other,two-way (divided with broken lines road marking),no junction,asphalt roads,daylight,normal,collision with roadside objects,2,u-turn,not a pedestrian,moving backward,Slight Injury
18-30,male,above high school,employee,5-10yr,lorry,office areas,undivided two way,no junction,asphalt roads,daylight,normal,vehicle with vehicle collision,2,stopping,not a pedestrian,no distancing,Slight Injury
31-50,male,junior high school,employee,above 10yr,car,office areas,two-way (divided with broken lines road marking),no junction,asphalt roads,daylight,normal,vehicle with vehicle collision,2,going straight,not a pedestrian,no distancing,Slight Injury
31-50,male,junior high school,employee,below 1yr,car,other,double carriageway (median),no junction,asphalt roads,daylight,normal,vehicle with vehicle collision,2,moving backward,not a pedestrian,no distancing,Slight Injury
31-50,male,elementary school,employee,5-10yr,car,office areas,undivided two way,no junction,asphalt roads,daylight,normal,vehicle with vehicle collision,2,getting off,not a pedestrian,no priority to pedestrian,Slight Injury
18-30,male,elementary school,employee,2-5yr,three_wheeler,residential areas,undivided two way,y shape,asphalt roads,daylight,normal,vehicle with vehicle collision,2,going straight,not a pedestrian,driving carelessly,Slight Injury
18-30,male,junior high school,employee,2-5yr,lorry,other,two-way (divided with broken lines road marking),y shape,asphalt roads,daylight,normal,collision with roadside objects,2,going straight,not a pedestrian,changing lane to the right,Slight Injury
18-30,male,junior high school,employee,1-2yr,lorry,office areas,double carriageway (median),y shape,asphalt roads,darkness - lights lit,normal,vehicle with vehicle collision,2,turnover,not a pedestrian,changing lane to the left,Slight Injury
18-30,male,junior high school,employee,2-5yr,other,office areas,undivided two way,y shape,asphalt roads,darkness - lights lit,normal,collision with roadside objects,2,moving backward,not a pedestrian,driving carelessly,Slight Injury
over 51,male,junior high school,employee,2-5yr,other,office areas,other,crossing,asphalt roads,daylight,raining,vehicle with vehicle collision,2,going straight,unknown or other,driving carelessly,Slight Injury
18-30,male,junior high school,employee,above 10yr,car,other,two-way (divided with broken lines road marking),crossing,earth roads,daylight,raining,vehicle with vehicle collision,2,moving backward,not a pedestrian,no distancing,Slight Injury
18-30,male,high school,employee,below 1yr,lorry,church areas,undivided two way,y shape,asphalt roads,daylight,raining,vehicle with vehicle collision,2,going straight,not a pedestrian,other,Slight Injury
31-50,male,high school,employee,5-10yr,car,office areas,undivided two way,crossing,asphalt roads,daylight,normal,vehicle with vehicle collision,3,going straight,not a pedestrian,no distancing,Slight Injury
31-50,male,junior high school,employee,1-2yr,other,residential areas,two-way (divided with broken lines road marking),crossing,asphalt roads,darkness - lights lit,raining,vehicle with vehicle collision,1,going straight,not a pedestrian,driving at high speed,Slight Injury
18-30,male,junior high school,employee,2-5yr,lorry,office areas,two-way (divided with broken lines road marking),y shape,asphalt roads,daylight,normal,vehicle with vehicle collision,2,going straight,not a pedestrian,no priority to vehicle,Slight Injury
31-50,male,elementary school,employee,2-5yr,other,residential areas,undivided two way,y shape,asphalt roads,daylight,normal,vehicle with vehicle collision,2,going straight,not a pedestrian,no priority to pedestrian,Slight Injury
18-30,male,elementary school,other,5-10yr,car,office areas,double carriageway (median),y shape,asphalt roads,daylight,normal,rollover,2,going straight,not a pedestrian,no priority to vehicle,Slight Injury
31-50,male,junior high school,employee,5-10yr,lorry,office areas,double carriageway (median),y shape,asphalt roads,daylight,normal,collision with roadside objects,2,going straight,not a pedestrian,other,Slight Injury
18-30,male,high school,owner,5-10yr,other,other,two-way (divided with broken lines road marking),crossing,asphalt roads,daylight,normal,vehicle with vehicle collision,2,other,not a pedestrian,other,Slight Injury
18-30,male,junior high school,employee,above 10yr,lorry,other,two-way (divided with broken lines road marking),crossing,asphalt roads,daylight,normal,vehicle with vehicle collision,2,other,not a pedestrian,moving backward,Slight Injury
18-30,male,junior high school,employee,below 1yr,car,residential areas,two-way (divided with broken lines road marking),crossing,asphalt roads,daylight,normal,collision with roadside objects,2,going straight,not a pedestrian,no distancing,Slight Injury
18-30,male,junior high school,other,below 1yr,lorry,church areas,two-way (divided with broken lines road marking),crossing,asphalt roads,daylight,normal,vehicle with vehicle collision,2,going straight,not a pedestrian,moving backward,Slight Injury
over 51,male,junior high school,employee,above 10yr,lorry,church areas,double carriageway (median),crossing,asphalt roads,daylight,normal,vehicle with vehicle collision,1,getting off,not a pedestrian,no priority to vehicle,Slight Injury
over 51,male,high school,owner,5-10yr,bus,residential areas,double carriageway (median),no junction,asphalt roads,darkness - lights lit,normal,vehicle with vehicle collision,2,going straight,not a pedestrian,driving carelessly,Serious Injury
over 51,male,elementary school,owner,5-10yr,lorry,office areas,two-way (divided with broken lines road marking),no junction,asphalt roads,darkness - lights lit,normal,rollover,2,going straight,not a pedestrian,no distancing,Serious Injury
over 51,male,junior high school,employee,2-5yr,car,office areas,two-way (divided with broken lines road marking),no junction,asphalt roads,darkness - lights lit,normal,rollover,2,going straight,not a pedestrian,other,Serious Injury
over 51,male,junior high school,employee,2-5yr,car,residential areas,two-way (divided with broken lines road marking),no junction,asphalt roads,darkness - lights lit,normal,collision with pedestrians,2,going straight,not a pedestrian,changing lane to the right,Serious Injury
31-50,male,above high school,employee,5-10yr,other,church areas,other,no junction,asphalt roads,daylight,normal,vehicle with vehicle collision,1,going straight,unknown or other,no distancing,Serious Injury
under 18,male,junior high school,owner,2-5yr,other,other,two-way (divided with broken lines road marking),y shape,asphalt roads,darkness - lights lit,raining,vehicle with vehicle collision,3,getting off,not a pedestrian,driving carelessly,Slight Injury
18-30,male,elementary school,employee,1-2yr,other,residential areas,two-way (divided with broken lines road marking),other,asphalt roads,daylight,normal,vehicle with vehicle collision,2,going straight,not a pedestrian,no priority to vehicle,Slight Injury
18-30,male,high school,employee,unknown,other,church areas,undivided two way,y shape,asphalt roads,darkness - lights lit,other,vehicle with vehicle collision,3,going straight,not a pedestrian,changing lane to the left,Slight Injury
18-30,male,junior high school,owner,1-2yr,lorry,other,undivided two way,y shape,asphalt roads,darkness - lights lit,other,collision with roadside objects,3,going straight,not a pedestrian,turnover,Slight Injury
18-30,male,junior high school,employee,2-5yr,lorry,other,one way,y shape,asphalt roads,darkness - lights lit,other,vehicle with vehicle collision,3,going straight,crossing from nearside - masked by parked or stationot a pedestrianry vehicle,driving to the left,Slight Injury
18-30,male,junior high school,employee,2-5yr,other,office areas,unknown,y shape,asphalt roads,daylight,normal,vehicle with vehicle collision,1,going straight,not a pedestrian,driving carelessly,Slight Injury
31-50,male,junior high school,employee,2-5yr,other,other,unknown,t shape,asphalt roads,darkness - lights lit,normal,vehicle with vehicle collision,1,going straight,not a pedestrian,changing lane to the right,Serious Injury
under 18,male,elementary school,employee,2-5yr,other,church areas,other,y shape,asphalt roads,daylight,normal,collision with roadside objects,1,going straight,not a pedestrian,moving backward,Fatal injury
18-30,male,junior high school,employee,2-5yr,lorry,industrial areas,unknown,no junction,asphalt roads,darkness - lights lit,normal,collision with roadside objects,3,going straight,not a pedestrian,driving carelessly,Slight Injury
18-30,male,elementary school,employee,5-10yr,car,recreational areas,one way,no junction,asphalt roads,darkness - lights lit,normal,vehicle with vehicle collision,3,going straight,not a pedestrian,changing lane to the right,Slight Injury
18-30,male,elementary school,employee,2-5yr,other,market areas,undivided two way,no junction,asphalt roads,darkness - lights lit,normal,vehicle with vehicle collision,3,going straight,not a pedestrian,driving carelessly,Slight Injury
18-30,male,junior high school,employee,above 10yr,lorry,other,two-way (divided with broken lines road marking),no junction,asphalt roads,darkness - lights lit,normal,vehicle with vehicle collision,3,going straight,not a pedestrian,driving carelessly,Slight Injury
31-50,male,junior high school,employee,above 10yr,bus,other,two-way (divided with broken lines road marking),y shape,asphalt roads,darkness - lights lit,raining,vehicle with vehicle collision,2,moving backward,not a pedestrian,driving carelessly,Fatal injury
31-50,unknown,high school,employee,above 10yr,car,industrial areas,two-way (divided with broken lines road marking),y shape,asphalt roads,darkness - lights lit,raining,vehicle with vehicle collision,2,moving backward,not a pedestrian,changing lane to the right,Fatal injury
18-30,male,junior high school,owner,2-5yr,lorry,office areas,other,no junction,asphalt roads,daylight,normal,vehicle with vehicle collision,2,other,not a pedestrian,driving carelessly,Slight Injury
18-30,male,junior high school,employee,5-10yr,lorry,office areas,undivided two way,no junction,asphalt roads,daylight,normal,vehicle with vehicle collision,2,going straight,not a pedestrian,no distancing,Slight Injury
31-50,male,high school,other,above 10yr,lorry,other,undivided two way,no junction,asphalt roads,daylight,other,vehicle with vehicle collision,2,going straight,not a pedestrian,changing lane to the right,Slight Injury
18-30,male,junior high school,employee,2-5yr,car,office areas,double carriageway (median),y shape,asphalt roads,daylight,normal,vehicle with vehicle collision,2,going straight,not a pedestrian,overtaking,Slight Injury
18-30,male,junior high school,employee,5-10yr,other,church areas,other,y shape,asphalt roads,daylight,normal,vehicle with vehicle collision,2,going straight,not a pedestrian,no priority to vehicle,Slight Injury
18-30,male,junior high school,employee,2-5yr,lorry,other,two-way (divided with broken lines road marking),y shape,asphalt roads,daylight,normal,collision with roadside objects,2,going straight,not a pedestrian,moving backward,Slight Injury
18-30,male,elementary school,employee,5-10yr,lorry,school areas,other,crossing,asphalt roads,darkness - lights lit,normal,collision with pedestrians,2,going straight,not a pedestrian,no priority to vehicle,Slight Injury
31-50,male,junior high school,employee,5-10yr,car,office areas,two-way (divided with broken lines road marking),crossing,asphalt roads,darkness - lights lit,normal,vehicle with vehicle collision,2,going straight,not a pedestrian,no priority to pedestrian,Slight Injury
31-50,male,above high school,employee,1-2yr,lorry,other,other,crossing,asphalt roads,darkness - lights lit,normal,collision with roadside objects,2,going straight,not a pedestrian,changing lane to the right,Slight Injury
18-30,male,elementary school,employee,2-5yr,lorry,other,two-way (divided with broken lines road marking),y shape,asphalt roads,daylight,normal,vehicle with vehicle collision,1,other,not a pedestrian,driving to the left,Serious Injury
18-30,male,elementary school,employee,2-5yr,car,office areas,undivided two way,y shape,asphalt roads,daylight,normal,vehicle with vehicle collision,1,going straight,not a pedestrian,changing lane to the left,Serious Injury
over 51,male,junior high school,employee,5-10yr,lorry,other,double carriageway (median),no junction,asphalt roads,daylight,normal,vehicle with vehicle collision,1,going straight,not a pedestrian,moving backward,Slight Injury
over 51,male,junior high school,employee,5-10yr,lorry,office areas,two-way (divided with broken lines road marking),y shape,asphalt roads,darkness - lights lit,normal,collision with roadside objects,2,going straight,not a pedestrian,moving backward,Slight Injury
over 51,male,junior high school,employee,5-10yr,other,office areas,two-way (divided with broken lines road marking),y shape,asphalt roads,darkness - lights lit,normal,vehicle with vehicle collision,2,moving backward,not a pedestrian,no distancing,Slight Injury
over 51,male,above high school,employee,5-10yr,car,other,undivided two way,y shape,asphalt roads,darkness - lights lit,normal,vehicle with vehicle collision,2,other,not a pedestrian,other,Slight Injury
18-30,male,junior high school,employee,above 10yr,car,residential areas,undivided two way,y shape,asphalt roads,daylight,normal,collision with roadside objects,2,going straight,not a pedestrian,no priority to vehicle,Slight Injury
18-30,male,elementary school,employee,2-5yr,lorry,residential areas,undivided two way,y shape,asphalt roads,daylight,normal,vehicle with vehicle collision,2,reversing,not a pedestrian,changing lane to the right,Slight Injury
18-30,male,junior high school,employee,5-10yr,lorry,office areas,unknown,y shape,asphalt roads,daylight,normal,vehicle with vehicle collision,2,other,not a pedestrian,driving carelessly,Slight Injury
over 51,male,junior high school,employee,unknown,lorry,other,two-way (divided with broken lines road marking),crossing,asphalt roads,daylight,normal,vehicle with vehicle collision,1,stopping,not a pedestrian,moving backward,Slight Injury
31-50,male,above high school,owner,5-10yr,other,church areas,two-way (divided with broken lines road marking),no junction,asphalt roads,daylight,normal,vehicle with vehicle collision,2,other,not a pedestrian,moving backward,Slight Injury
18-30,male,unknown,owner,unknown,bus,church areas,unknown,no junction,asphalt roads,darkness - lights lit,normal,vehicle with vehicle collision,2,going straight,not a pedestrian,moving backward,Serious Injury
31-50,male,junior high school,employee,2-5yr,bus,office areas,two-way (divided with broken lines road marking),no junction,asphalt roads,daylight,normal,vehicle with vehicle collision,1,going straight,not a pedestrian,no priority to pedestrian,Slight Injury
under 18,male,junior high school,owner,above 10yr,lorry,other,two-way (divided with broken lines road marking),no junction,asphalt roads,daylight,normal,vehicle with vehicle collision,2,going straight,not a pedestrian,getting off the vehicle improperly,Slight Injury
over 51,male,junior high school,employee,unknown,car,industrial areas,undivided two way,other,asphalt roads,darkness - lights lit,normal,vehicle with vehicle collision,2,going straight,not a pedestrian,no distancing,Slight Injury
18-30,male,above high school,employee,1-2yr,car,other,two-way (divided with broken lines road marking),y shape,asphalt roads,daylight,normal,vehicle with vehicle collision,1,going straight,not a pedestrian,no distancing,Serious Injury
over 51,male,junior high school,employee,1-2yr,car,other,other,y shape,asphalt roads,daylight,normal,vehicle with vehicle collision,2,going straight,not a pedestrian,changing lane to the left,Slight Injury
under 18,male,junior high school,employee,1-2yr,car,church areas,other,y shape,asphalt roads,daylight,normal,collision with pedestrians,2,going straight,not a pedestrian,changing lane to the right,Slight Injury
18-30,male,unknown,employee,5-10yr,lorry,church areas,undivided two way,no junction,asphalt roads,darkness - lights lit,normal,collision with roadside objects,1,turnover,not a pedestrian,no priority to vehicle,Slight Injury
31-50,male,junior high school,employee,above 10yr,lorry,other,one way,no junction,asphalt roads,daylight,normal,vehicle with vehicle collision,2,entering a junction,not a pedestrian,no priority to vehicle,Slight Injury
18-30,male,junior high school,employee,1-2yr,car,church areas,two-way (divided with broken lines road marking),t shape,asphalt roads,daylight,normal,vehicle with vehicle collision,2,entering a junction,not a pedestrian,no distancing,Slight Injury
31-50,male,junior high school,employee,below 1yr,car,office areas,undivided two way,no junction,asphalt roads,daylight,raining,collision with roadside objects,1,entering a junction,not a pedestrian,changing lane to the left,Slight Injury
18-30,male,elementary school,employee,5-10yr,other,other,undivided two way,no junction,asphalt roads,daylight,normal,collision with roadside objects,1,entering a junction,not a pedestrian,no priority to vehicle,Slight Injury
31-50,male,junior high school,employee,2-5yr,car,residential areas,two-way (divided with broken lines road marking),no junction,asphalt roads,daylight,normal,vehicle with vehicle collision,1,entering a junction,not a pedestrian,driving at high speed,Slight Injury
31-50,male,junior high school,employee,5-10yr,car,office areas,two-way (divided with broken lines road marking),y shape,asphalt roads,daylight,normal,vehicle with vehicle collision,1,entering a junction,not a pedestrian,overtaking,Slight Injury
18-30,male,high school,owner,1-2yr,car,other,undivided two way,no junction,asphalt roads,darkness - lights lit,normal,collision with roadside objects,2,going straight,not a pedestrian,moving backward,Slight Injury
18-30,male,unknown,employee,5-10yr,lorry,other,undivided two way,y shape,asphalt roads,daylight,normal,vehicle with vehicle collision,2,going straight,not a pedestrian,other,Slight Injury
18-30,male,high school,owner,2-5yr,lorry,other,undivided two way,y shape,asphalt roads,daylight,raining,vehicle with vehicle collision,2,going straight,not a pedestrian,no distancing,Slight Injury
18-30,male,junior high school,employee,1-2yr,lorry,office areas,two-way (divided with broken lines road marking),crossing,asphalt roads,daylight,normal,vehicle with vehicle collision,2,reversing,not a pedestrian,no distancing,Slight Injury
18-30,male,elementary school,employee,1-2yr,lorry,other,two-way (divided with broken lines road marking),crossing,asphalt roads with some distress,daylight,normal,vehicle with vehicle collision,2,moving backward,not a pedestrian,changing lane to the left,Slight Injury
31-50,male,high school,employee,1-2yr,lorry,residential areas,two-way (divided with broken lines road marking),no junction,asphalt roads,daylight,normal,vehicle with vehicle collision,2,overtaking,not a pedestrian,changing lane to the left,Slight Injury
31-50,male,above high school,employee,5-10yr,lorry,other,undivided two way,no junction,asphalt roads,daylight,normal,vehicle with vehicle collision,2,going straight,crossing from nearside - masked by parked or stationot a pedestrianry vehicle,no priority to pedestrian,Slight Injury
31-50,male,junior high school,employee,5-10yr,car,church areas,undivided two way,no junction,asphalt roads,daylight,normal,rollover,2,going straight,not a pedestrian,driving carelessly,Slight Injury
31-50,male,elementary school,owner,5-10yr,car,office areas,undivided two way,no junction,asphalt roads,daylight,normal,vehicle with vehicle collision,2,going straight,not a pedestrian,driving carelessly,Slight Injury
31-50,male,junior high school,employee,5-10yr,bus,office areas,undivided two way,no junction,asphalt roads,darkness - lights lit,normal,vehicle with vehicle collision,2,going straight,unknown or other,no distancing,Slight Injury
18-30,male,junior high school,owner,1-2yr,bus,residential areas,other,no junction,asphalt roads,darkness - no lighting,raining,collision with pedestrians,1,going straight,not a pedestrian,changing lane to the left,Serious Injury
18-30,male,junior high school,employee,2-5yr,car,industrial areas,one way,y shape,asphalt roads,daylight,normal,collision with pedestrians,2,going straight,not a pedestrian,no priority to vehicle,Slight Injury
over 51,male,junior high school,owner,5-10yr,lorry,other,undivided two way,y shape,asphalt roads,daylight,normal,vehicle with vehicle collision,2,going straight,not a pedestrian,no distancing,Slight Injury
31-50,male,high school,owner,2-5yr,other,office areas,other,crossing,asphalt roads,daylight,normal,vehicle with vehicle collision,1,going straight,not a pedestrian,no priority to vehicle,Serious Injury
over 51,male,junior high school,employee,5-10yr,lorry,outside rural areas,two-way (divided with broken lines road marking),y shape,asphalt roads,daylight,normal,vehicle with vehicle collision,2,moving backward,not a pedestrian,driving carelessly,Serious Injury
18-30,male,elementary school,employee,5-10yr,mootorbike,outside rural areas,undivided two way,y shape,asphalt roads,daylight,normal,vehicle with vehicle collision,2,going straight,not a pedestrian,changing lane to the left,Serious Injury
under 18,male,junior high school,employee,1-2yr,lorry,outside rural areas,undivided two way,y shape,asphalt roads,daylight,normal,vehicle with vehicle collision,2,going straight,not a pedestrian,moving backward,Serious Injury
31-50,male,junior high school,employee,5-10yr,lorry,outside rural areas,other,y shape,asphalt roads,daylight,normal,vehicle with vehicle collision,2,going straight,not a pedestrian,driving carelessly,Slight Injury
under 18,male,elementary school,employee,above 10yr,car,outside rural areas,two-way (divided with broken lines road marking),y shape,asphalt roads,daylight,normal,vehicle with vehicle collision,3,going straight,not a pedestrian,driving to the left,Slight Injury
31-50,male,elementary school,employee,below 1yr,car,outside rural areas,undivided two way,y shape,asphalt roads,daylight,normal,vehicle with vehicle collision,3,going straight,not a pedestrian,no priority to pedestrian,Slight Injury
31-50,male,junior high school,employee,2-5yr,other,outside rural areas,two-way (divided with broken lines road marking),y shape,asphalt roads,daylight,normal,vehicle with vehicle collision,3,going straight,crossing from nearside - masked by parked or stationot a pedestrianry vehicle,changing lane to the left,Slight Injury
31-50,male,elementary school,owner,1-2yr,other,outside rural areas,two-way (divided with broken lines road marking),no junction,asphalt roads,daylight,raining,vehicle with vehicle collision,2,going straight,not a pedestrian,changing lane to the right,Slight Injury
over 51,male,junior high school,owner,5-10yr,car,office areas,undivided two way,no junction,asphalt roads,daylight,raining,vehicle with vehicle collision,2,going straight,not a pedestrian,driving carelessly,Slight Injury
18-30,male,junior high school,employee,2-5yr,car,outside rural areas,undivided two way,y shape,asphalt roads,daylight,raining,vehicle with vehicle collision,1,other,not a pedestrian,no distancing,Slight Injury
18-30,male,junior high school,employee,2-5yr,other,outside rural areas,undivided two way,y shape,asphalt roads,daylight,normal,vehicle with vehicle collision,2,reversing,not a pedestrian,getting off the vehicle improperly,Slight Injury
18-30,male,high school,employee,2-5yr,car,outside rural areas,undivided two way,y shape,asphalt roads,daylight,normal,vehicle with vehicle collision,2,other,not a pedestrian,driving under the influence of drugs,Slight Injury
31-50,male,junior high school,employee,above 10yr,lorry,office areas,undivided two way,y shape,asphalt roads,daylight,normal,vehicle with vehicle collision,2,other,not a pedestrian,changing lane to the right,Slight Injury
18-30,male,junior high school,employee,2-5yr,car,recreational areas,undivided two way,y shape,asphalt roads,daylight,normal,vehicle with vehicle collision,2,reversing,not a pedestrian,driving carelessly,Slight Injury
18-30,male,junior high school,employee,1-2yr,other,office areas,undivided two way,no junction,asphalt roads,daylight,normal,vehicle with vehicle collision,2,going straight,not a pedestrian,moving backward,Slight Injury
under 18,male,junior high school,employee,5-10yr,car,residential areas,two-way (divided with broken lines road marking),y shape,asphalt roads,daylight,normal,vehicle with vehicle collision,2,going straight,not a pedestrian,changing lane to the right,Slight Injury
18-30,male,elementary school,employee,1-2yr,car,residential areas,undivided two way,y shape,asphalt roads,daylight,normal,vehicle with vehicle collision,2,turnover,not a pedestrian,no priority to vehicle,Slight Injury
31-50,male,junior high school,employee,2-5yr,lorry,other,undivided two way,y shape,asphalt roads,daylight,normal,vehicle with vehicle collision,2,going straight,not a pedestrian,moving backward,Slight Injury
over 51,male,junior high school,employee,above 10yr,other,office areas,two-way (divided with broken lines road marking),o shape,asphalt roads,daylight,raining,collision with pedestrians,2,going straight,not a pedestrian,changing lane to the left,Slight Injury
31-50,male,junior high school,employee,below 1yr,lorry,other,two-way (divided with broken lines road marking),o shape,asphalt roads,daylight,raining,vehicle with vehicle collision,2,going straight,not a pedestrian,overturning,Slight Injury
31-50,male,junior high school,employee,above 10yr,lorry,other,other,o shape,asphalt roads,daylight,raining,vehicle with vehicle collision,2,going straight,not a pedestrian,no distancing,Slight Injury
18-30,unknown,elementary school,owner,5-10yr,car,office areas,two-way (divided with broken lines road marking),no junction,asphalt roads,daylight,normal,vehicle with vehicle collision,2,going straight,not a pedestrian,driving carelessly,Slight Injury
18-30,male,elementary school,employee,above 10yr,lorry,church areas,other,no junction,asphalt roads,daylight,normal,vehicle with vehicle collision,2,moving backward,not a pedestrian,no distancing,Slight Injury
18-30,male,high school,owner,5-10yr,lorry,office areas,double carriageway (median),no junction,asphalt roads,daylight,raining,vehicle with vehicle collision,3,turnover,not a pedestrian,no distancing,Slight Injury
18-30,male,elementary school,employee,2-5yr,bus,office areas,one way,no junction,asphalt roads,daylight,raining,vehicle with vehicle collision,3,going straight,not a pedestrian,no distancing,Slight Injury
over 51,male,junior high school,employee,1-2yr,lorry,office areas,undivided two way,no junction,asphalt roads,daylight,normal,vehicle with vehicle collision,1,going straight,not a pedestrian,no distancing,Slight Injury
over 51,male,junior high school,employee,1-2yr,lorry,other,unknown,no junction,asphalt roads,daylight,normal,vehicle with vehicle collision,1,going straight,not a pedestrian,no distancing,Slight Injury
over 51,male,junior high school,employee,above 10yr,lorry,other,double carriageway (median),no junction,asphalt roads,daylight,normal,collision with roadside objects,1,moving backward,not a pedestrian,no distancing,Slight Injury
over 51,male,junior high school,employee,1-2yr,lorry,other,two-way (divided with broken lines road marking),no junction,asphalt roads,daylight,normal,vehicle with vehicle collision,1,going straight,not a pedestrian,changing lane to the left,Slight Injury
31-50,male,high school,owner,above 10yr,lorry,office areas,unknown,y shape,asphalt roads,daylight,normal,vehicle with vehicle collision,3,going straight,not a pedestrian,changing lane to the right,Slight Injury
18-30,male,junior high school,employee,above 10yr,car,office areas,unknown,y shape,asphalt roads,daylight,normal,vehicle with vehicle collision,3,going straight,not a pedestrian,moving backward,Slight Injury
31-50,male,junior high school,employee,1-2yr,other,office areas,two-way (divided with broken lines road marking),y shape,asphalt roads,daylight,normal,vehicle with vehicle collision,3,going straight,not a pedestrian,changing lane to the right,Slight Injury
31-50,male,junior high school,employee,1-2yr,other,office areas,two-way (divided with broken lines road marking),y shape,asphalt roads,darkness - lights lit,normal,vehicle with vehicle collision,3,moving backward,not a pedestrian,no distancing,Slight Injury
18-30,male,high school,employee,2-5yr,other,church areas,undivided two way,y shape,asphalt roads,darkness - lights lit,normal,vehicle with vehicle collision,3,going straight,not a pedestrian,overtaking,Slight Injury
over 51,male,junior high school,employee,1-2yr,lorry,residential areas,two-way (divided with broken lines road marking),crossing,asphalt roads,daylight,other,collision with roadside objects,2,other,not a pedestrian,other,Slight Injury
31-50,male,elementary school,employee,5-10yr,car,school areas,two-way (divided with broken lines road marking),crossing,asphalt roads,daylight,other,vehicle with vehicle collision,2,going straight,not a pedestrian,changing lane to the right,Slight Injury
18-30,male,elementary school,other,5-10yr,other,other,double carriageway (median),no junction,asphalt roads,daylight,normal,vehicle with vehicle collision,2,going straight,not a pedestrian,changing lane to the left,Slight Injury
18-30,male,junior high school,employee,2-5yr,lorry,other,double carriageway (median),no junction,asphalt roads,daylight,normal,rollover,2,other,not a pedestrian,changing lane to the left,Slight Injury
18-30,male,elementary school,employee,5-10yr,car,other,two-way (divided with broken lines road marking),no junction,asphalt roads with some distress,daylight,normal,vehicle with vehicle collision,2,going straight,not a pedestrian,overtaking,Slight Injury
18-30,male,junior high school,employee,above 10yr,lorry,office areas,double carriageway (median),y shape,asphalt roads,darkness - lights lit,normal,vehicle with vehicle collision,3,getting off,not a pedestrian,no distancing,Slight Injury
18-30,male,junior high school,employee,above 10yr,lorry,office areas,two-way (divided with broken lines road marking),y shape,asphalt roads,darkness - lights lit,normal,collision with roadside objects,3,going straight,not a pedestrian,no priority to vehicle,Slight Injury